{
  "summary": {
    "initial_count": 3032,
    "filtered_count": 1423,
    "rejected_count": 1609,
    "pass_rate": 0.46932717678100266
  },
  "quality_scores": {
    "average": 0.5725923482849584,
    "min": 0.25,
    "max": 0.9,
    "distribution": {
      "excellent (0.9-1.0)": 1,
      "good (0.8-0.9)": 56,
      "fair (0.7-0.8)": 373,
      "acceptable (0.6-0.7)": 993,
      "poor (<0.6)": 1609
    }
  },
  "rejection_reasons": {
    "duplicate": 0,
    "length": 0,
    "low_score": 1609
  },
  "timestamp": "2025-11-18T06:01:14.394052"
}